{
  "sample_analysis": {
    "total_pdfs_analyzed": 1009,
    "token_stats": {
      "mean": 8851.580773042617,
      "median": 6458,
      "min": 0,
      "max": 112218,
      "stdev": 10442.291028708263
    },
    "char_stats": {
      "mean": 27638.756194251735,
      "median": 20732
    },
    "page_stats": {
      "mean": 10.127849355797819,
      "median": 8
    },
    "individual_counts": [
      12355,
      2687,
      2714,
      4195,
      4373,
      3040,
      0,
      36428,
      41280,
      8063,
      44651,
      2623,
      2648,
      12482,
      1496,
      12699,
      12336,
      14726,
      5422,
      23905,
      14918,
      24901,
      17306,
      20946,
      14832,
      19626,
      13624,
      21234,
      4227,
      9525,
      1705,
      7648,
      7933,
      2148,
      3678,
      0,
      4019,
      2790,
      5684,
      2598,
      2850,
      2439,
      2287,
      0,
      2909,
      15047,
      3349,
      10503,
      2477,
      4906,
      1948,
      11222,
      1137,
      15581,
      2375,
      13642,
      2570,
      2418,
      2566,
      15697,
      256,
      2447,
      2485,
      15827,
      22071,
      2307,
      17585,
      2438,
      20701,
      17585,
      17585,
      36560,
      5168,
      5047,
      33767,
      5872,
      9880,
      8755,
      1359,
      0,
      2501,
      3689,
      14265,
      1391,
      3537,
      1472,
      1452,
      0,
      8168,
      14150,
      8118,
      1489,
      3778,
      13567,
      6786,
      7928,
      0,
      10110,
      0,
      1936,
      26594,
      1799,
      0,
      12901,
      4461,
      2490,
      7831,
      0,
      7924,
      14396,
      561,
      14235,
      5902,
      3533,
      6698,
      14433,
      9470,
      5413,
      29512,
      9017,
      11831,
      14018,
      3488,
      6747,
      12608,
      3068,
      2396,
      3009,
      6282,
      3118,
      7875,
      6877,
      38616,
      7550,
      6884,
      12956,
      1306,
      5477,
      1282,
      1454,
      1382,
      17725,
      17076,
      44858,
      1601,
      1774,
      5006,
      19193,
      2695,
      9309,
      19807,
      14174,
      8869,
      249,
      611,
      15644,
      716,
      12956,
      2194,
      1190,
      17022,
      7566,
      12778,
      2086,
      13788,
      14809,
      12626,
      10883,
      3467,
      10773,
      10371,
      3535,
      4510,
      4715,
      8774,
      10153,
      9720,
      12956,
      13189,
      2215,
      15023,
      260,
      12887,
      27256,
      3176,
      9748,
      9100,
      13024,
      7543,
      11639,
      7597,
      13449,
      13256,
      14406,
      14406,
      6563,
      8040,
      1684,
      10240,
      2116,
      2055,
      15605,
      7132,
      15283,
      12064,
      865,
      13409,
      13432,
      12927,
      13489,
      12185,
      15184,
      7680,
      6693,
      2377,
      14406,
      14606,
      5799,
      14599,
      13281,
      2305,
      6376,
      15006,
      4908,
      13072,
      13701,
      5663,
      13701,
      0,
      7408,
      14506,
      3130,
      10593,
      5562,
      1669,
      2475,
      15134,
      5117,
      1806,
      1806,
      13895,
      4272,
      13983,
      111317,
      11545,
      9148,
      8305,
      1806,
      9720,
      14243,
      6036,
      5467,
      13883,
      1806,
      7829,
      13864,
      15425,
      6448,
      6980,
      13970,
      1000,
      5491,
      1592,
      22284,
      826,
      42611,
      43930,
      0,
      9555,
      2246,
      6347,
      6402,
      6158,
      0,
      6044,
      1266,
      6354,
      6789,
      6351,
      6264,
      6512,
      6300,
      6321,
      6352,
      6217,
      6399,
      6393,
      5915,
      6711,
      6264,
      6371,
      6812,
      1441,
      12830,
      4187,
      24020,
      2866,
      7592,
      14717,
      0,
      1934,
      7691,
      10142,
      5474,
      11545,
      9250,
      23864,
      980,
      12935,
      14264,
      17303,
      19806,
      1015,
      3715,
      0,
      4811,
      9076,
      1008,
      2583,
      4173,
      4136,
      3938,
      4072,
      1031,
      13915,
      6546,
      15081,
      3614,
      12323,
      3371,
      3187,
      3770,
      3962,
      3258,
      3318,
      3187,
      3273,
      3142,
      3280,
      3187,
      3187,
      9095,
      798,
      4296,
      1518,
      3457,
      10586,
      10619,
      6917,
      11652,
      1609,
      11557,
      5295,
      25762,
      1419,
      7473,
      12981,
      12981,
      5170,
      17545,
      8060,
      3201,
      12805,
      9387,
      1399,
      0,
      9262,
      7256,
      3411,
      0,
      2260,
      5129,
      4610,
      1818,
      42995,
      22821,
      2895,
      4841,
      2954,
      2970,
      2986,
      7324,
      668,
      3775,
      7527,
      2125,
      0,
      895,
      8339,
      8235,
      2504,
      1472,
      2021,
      2049,
      739,
      739,
      739,
      8091,
      2211,
      11560,
      13364,
      3165,
      1227,
      661,
      7,
      2341,
      19933,
      2304,
      7092,
      2557,
      2011,
      7251,
      3393,
      20365,
      1962,
      3124,
      4814,
      3517,
      3192,
      3477,
      5933,
      3450,
      10321,
      385,
      1997,
      8109,
      8352,
      2807,
      9689,
      3272,
      0,
      4298,
      27620,
      26511,
      25453,
      2375,
      40100,
      44039,
      43701,
      576,
      1991,
      6904,
      588,
      3260,
      2179,
      1394,
      3284,
      3313,
      4231,
      7693,
      8134,
      6458,
      12466,
      13704,
      12369,
      12374,
      13991,
      16744,
      13228,
      528,
      6175,
      4783,
      21266,
      5845,
      4483,
      3478,
      13120,
      0,
      15334,
      1109,
      1397,
      6694,
      1795,
      5134,
      4940,
      0,
      0,
      1342,
      5984,
      3051,
      6098,
      6090,
      858,
      9447,
      3770,
      3014,
      5543,
      1160,
      7844,
      8702,
      2804,
      4744,
      6500,
      9820,
      9506,
      0,
      6500,
      6500,
      539,
      0,
      7943,
      2015,
      4420,
      1965,
      7277,
      9154,
      7917,
      1199,
      22596,
      5799,
      9192,
      9192,
      4602,
      707,
      9473,
      1199,
      8027,
      5261,
      23623,
      8464,
      1964,
      4522,
      4391,
      8745,
      3417,
      0,
      9015,
      3998,
      2615,
      2655,
      13126,
      6672,
      17054,
      9150,
      6109,
      5600,
      2707,
      63327,
      5520,
      7800,
      8004,
      1881,
      1881,
      3446,
      3055,
      14464,
      1051,
      22248,
      1380,
      8283,
      7725,
      4522,
      1396,
      11487,
      4279,
      2557,
      2638,
      2628,
      2563,
      4824,
      9365,
      3213,
      9130,
      3351,
      3217,
      9382,
      3306,
      3163,
      12473,
      12820,
      8083,
      2275,
      3291,
      771,
      9627,
      5896,
      1408,
      4812,
      12741,
      1707,
      12585,
      13219,
      4383,
      4593,
      24936,
      8792,
      8774,
      8813,
      13593,
      0,
      2067,
      2330,
      6178,
      10317,
      9746,
      5356,
      6841,
      742,
      22745,
      1554,
      3393,
      7898,
      8145,
      3477,
      2663,
      8338,
      14884,
      9480,
      5329,
      14264,
      29189,
      15750,
      7308,
      985,
      5419,
      14884,
      14884,
      9157,
      4388,
      111317,
      29189,
      29189,
      10352,
      4655,
      8834,
      7635,
